{
  "credit": "Made with Blockbench",
  "parent": "builtin/entity",
  "texture_size": [
    64,
    64
  ],
  "display": {
    "thirdperson_righthand": {
      "rotation": [
        91.75,
        0,
        90
      ],
      "translation": [
        0.5,
        4.25,
        1
      ],
      "scale": [
        0.45,
        0.45,
        0.5
      ]
    },
    "thirdperson_lefthand": {
      "rotation": [
        91.75,
        0,
        90
      ],
      "translation": [
        0.5,
        4.25,
        1
      ],
      "scale": [
        0.45,
        0.45,
        0.5
      ]
    },
    "gui": {
      "rotation": [
        90.35,
        -45.25,
        0
      ],
      "translation": [
        0.75,
        0.75,
        1.25
      ],
      "scale": [
        0.26249999999999996,
        0.39140624999999996,
        0.22148437499999996
      ]
    },
    "fixed": {
      "rotation": [
        90.34,
        45,
        -179.23
      ],
      "translation": [
        -1,
        1.25,
        1.25
      ],
      "scale": [
        0.32499999999999996,
        0.39140624999999996,
        0.26054687499999996
      ]
    }
  },
  "textures": {
    "particle": "item/katakami"
  }
}