{
  "credit": "Made with Blockbench",
  "parent": "builtin/entity",
  "texture_size": [
    64,
    64
  ],
  "display": {
    "thirdperson_righthand": {
      "rotation": [
        91.75,
        0,
        90
      ],
      "translation": [
        0.5,
        4.25,
        1
      ],
      "scale": [
        0.45,
        0.45,
        0.5
      ]
    },
    "thirdperson_lefthand": {
      "rotation": [
        91.75,
        0,
        90
      ],
      "translation": [
        0.5,
        4.25,
        1
      ],
      "scale": [
        0.45,
        0.45,
        0.5
      ]
    },
    "firstperson_righthand": {
      "rotation": [
        37.64,
        4.79,
        -85.61
      ],
      "translation": [
        4.75,
        -3,
        1.75
      ]
    },
    "firstperson_lefthand": {
      "rotation": [
        37.64,
        4.79,
        -85.61
      ],
      "translation": [
        4.75,
        -3,
        1.75
      ]
    },
    "ground": {
      "rotation": [
        60,
        0,
        0
      ],
      "translation": [
        0,
        12.25,
        0
      ],
      "scale": [
        0.36328125,
        0.376953125,
        0.314453125
      ]
    },
    "gui": {
      "rotation": [
        90.35,
        -45.25,
        0
      ],
      "translation": [
        0.75,
        0.75,
        1.25
      ],
      "scale": [
        0.26249999999999996,
        0.39140624999999996,
        0.22148437499999996
      ]
    },
    "fixed": {
      "rotation": [
        90.34,
        45,
        -179.23
      ],
      "translation": [
        -1,
        1.25,
        1.25
      ],
      "scale": [
        0.32499999999999996,
        0.39140624999999996,
        0.26054687499999996
      ]
    }
  },
  "textures": {
    "particle": "samurai_armory:item/katakama"
  }
}