{
  "credit": "Made with Blockbench",
  "texture_size": [
    64,
    32
  ],
  "display": {
    "thirdperson_righthand": {
      "rotation": [
        -90,
        0,
        0
      ],
      "translation": [
        0,
        1.75,
        2.5
      ],
      "scale": [
        0.541796875,
        0.57890625,
        0.791796875
      ]
    },
    "thirdperson_lefthand": {
      "rotation": [
        -90,
        0,
        0
      ],
      "translation": [
        0,
        1.75,
        2.5
      ],
      "scale": [
        0.541796875,
        0.57890625,
        0.791796875
      ]
    },
    "firstperson_righthand": {
      "rotation": [
        -96.5,
        0,
        0
      ],
      "translation": [
        1.5,
        2.75,
        2.5
      ],
      "scale": [
        0.541796875,
        0.57890625,
        0.791796875
      ]
    },
    "firstperson_lefthand": {
      "rotation": [
        -96.5,
        0,
        0
      ],
      "translation": [
        1.5,
        2.75,
        2.5
      ],
      "scale": [
        0.541796875,
        0.57890625,
        0.791796875
      ]
    },
    "ground": {
      "rotation": [
        -45,
        0,
        0
      ],
      "translation": [
        0,
        5.75,
        0
      ],
      "scale": [
        0.8203125,
        0.791015625,
        1.10546875
      ]
    },
    "gui": {
      "rotation": [
        -90.92,
        46.25,
        115.76
      ],
      "translation": [
        -2.5,
        -3,
        0
      ],
      "scale": [
        0.3,
        0.39,
        0.54
      ]
    },
    "head": {
      "rotation": [
        -127.5,
        0,
        0
      ],
      "translation": [
        0,
        -13.5,
        -10
      ]
    },
    "fixed": {
      "rotation": [
        -90.92,
        46.25,
        115.76
      ],
      "translation": [
        -2.5,
        -3,
        0
      ],
      "scale": [
        0.3,
        0.39,
        0.54
      ]
    }
  },
  "textures": {
    "particle": "tetsubo:item/tetsubo"
  }
}